--Related Proteins
Insert into RELATED_PROTEINS (REL_PROT_INTERNAL_ID,NAME_PREFIX) values (132218,'CP24A');
Insert into RELATED_PROTEINS (REL_PROT_INTERNAL_ID,NAME_PREFIX) values (546391,'MBTP2');
Insert into RELATED_PROTEINS (REL_PROT_INTERNAL_ID,NAME_PREFIX) values (808171,'CP7B1');
Insert into RELATED_PROTEINS (REL_PROT_INTERNAL_ID,NAME_PREFIX) values (853983,'PDE5A');
Insert into RELATED_PROTEINS (REL_PROT_INTERNAL_ID,NAME_PREFIX) values (83490,'MDR1');
Insert into RELATED_PROTEINS (REL_PROT_INTERNAL_ID,NAME_PREFIX) values (563781,'D5CT29');
Insert into RELATED_PROTEINS (REL_PROT_INTERNAL_ID,NAME_PREFIX) values (83672,'Q1CFF4');
Insert into RELATED_PROTEINS (REL_PROT_INTERNAL_ID,NAME_PREFIX) values (348812,'E0SCD6');
Insert into RELATED_PROTEINS (REL_PROT_INTERNAL_ID,NAME_PREFIX) values (421687,'C9XWA9');
-- Insert into RELATED_PROTEINS (REL_PROT_INTERNAL_ID,NAME_PREFIX) values (538476,'MBTP2');


--Uniprot Entry
Insert into UNIPROT_ENTRY (DBENTRY_ID,ACCESSION,NAME,TAX_ID,PROTEIN_NAME,SCIENTIFIC_NAME,COMMON_NAME,SYNONYM_NAMES,SEQUENCE_LENGTH,RELATED_PROTEINS_ID,LAST_UPDATE_TIMESTAMP,FUNCTION,ENTRY_TYPE) values (35170617,'Q64441','CP24A_MOUSE',10090,'MOCK-1,25-dihydroxyvitamin D(3) 24-hydroxylase, mitochondrial','Mus musculus','Mouse','CYP24A1;calcitriol,NADPH:oxygen oxidoreductase (24-hydroxylating);',514,132218, TO_CHAR('2015-02-04', 'yyyy-MM-dd'),'Has a role in maintaining calcium homeostasis. Catalyzes the NADPH-dependent 24-hydroxylation of calcidiol (25-hydroxyvitamin D(3)) and calcitriol (1-alpha,25-dihydroxyvitamin D(3)). The enzyme can perform up to 6 rounds of hydroxylation of calcitriol leading to calcitroic acid',0);
Insert into UNIPROT_ENTRY (DBENTRY_ID,ACCESSION,NAME,TAX_ID,PROTEIN_NAME,SCIENTIFIC_NAME,COMMON_NAME,SYNONYM_NAMES,SEQUENCE_LENGTH,RELATED_PROTEINS_ID,LAST_UPDATE_TIMESTAMP,FUNCTION,ENTRY_TYPE) values (35170656,'Q09128','CP24A_RAT',10116,'1,25-dihydroxyvitamin D(3) 24-hydroxylase, mitochondrial','Rattus norvegicus','Rat','CYP24A1;calcitriol,NADPH:oxygen oxidoreductase (24-hydroxylating);',514,132218, TO_CHAR('2015-01-07', 'yyyy-MM-dd'),'Has a role in maintaining calcium homeostasis. Catalyzes the NADPH-dependent 24-hydroxylation of calcidiol (25-hydroxyvitamin D(3)) and calcitriol (1-alpha,25-dihydroxyvitamin D(3)). The enzyme can perform up to 6 rounds of hydroxylation of calcitriol leading to calcitroic acid',0);
Insert into UNIPROT_ENTRY (DBENTRY_ID,ACCESSION,NAME,TAX_ID,PROTEIN_NAME,SCIENTIFIC_NAME,COMMON_NAME,SYNONYM_NAMES,SEQUENCE_LENGTH,RELATED_PROTEINS_ID,LAST_UPDATE_TIMESTAMP,FUNCTION,ENTRY_TYPE) values (35170567,'Q07973','CP24A_HUMAN',9606,'1,25-dihydroxyvitamin D(3) 24-hydroxylase, mitochondrial','Homo sapiens','Human','CYP24A1;calcitriol,NADPH:oxygen oxidoreductase (24-hydroxylating);',514,132218,TO_CHAR('2015-01-07', 'yyyy-MM-dd'),'Has a role in maintaining calcium homeostasis. Catalyzes the NADPH-dependent 24-hydroxylation of calcidiol (25-hydroxyvitamin D(3)) and calcitriol (1-alpha,25-dihydroxyvitamin D(3)). The enzyme can perform up to 6 rounds of hydroxylation of calcitriol leading to calcitroic acid. It also shows 23-hydroxylating activity leading to 1-alpha,25-dihydroxyvitamin D(3)-26,23-lactone as end product',0);
Insert into UNIPROT_ENTRY (DBENTRY_ID,ACCESSION,NAME,TAX_ID,PROTEIN_NAME,SCIENTIFIC_NAME,COMMON_NAME,SYNONYM_NAMES,SEQUENCE_LENGTH,RELATED_PROTEINS_ID,LAST_UPDATE_TIMESTAMP,FUNCTION,ENTRY_TYPE) values (36789929,'O54862','MBTP2_CRIGR',10029,'Membrane-bound transcription factor site-2 protease','Cricetulus griseus','Chinese hamster','-;sterol-regulatory element-binding proteins intramembrane protease;sterol regulatory element-binding protein site 2 protease;membrane-bound transcription factor site 2 protease;S2P endopeptidase;site-2 protease;',510,546391, TO_CHAR('2015-03-04', 'yyyy-MM-dd'),'Intramembrane proteolysis of sterol-regulatory element-binding proteins (SREBPs) within the first transmembrane segment thereby releasing the N-terminal segment with a portion of the transmembrane segment attached. Site-2 cleavage comes after site-1 cleavage which takes place in the lumenal loop',0);
Insert into UNIPROT_ENTRY (DBENTRY_ID,ACCESSION,NAME,TAX_ID,PROTEIN_NAME,SCIENTIFIC_NAME,COMMON_NAME,SYNONYM_NAMES,SEQUENCE_LENGTH,RELATED_PROTEINS_ID,LAST_UPDATE_TIMESTAMP,FUNCTION,ENTRY_TYPE) values (625737394,'Q0III2','MBTP2_BOVIN',9913,'Membrane-bound transcription factor site-2 protease','Bos taurus','Bovine','-;sterol-regulatory element-binding proteins intramembrane protease;sterol regulatory element-binding protein site 2 protease;membrane-bound transcription factor site 2 protease;S2P endopeptidase;site-2 protease;',516,546391, TO_CHAR('2015-01-07', 'yyyy-MM-dd'),'Intramembrane proteolysis of sterol-regulatory element-binding proteins (SREBPs) within the first transmembrane segment thereby releasing the N-terminal segment with a portion of the transmembrane segment attached. Site-2 cleavage comes after site-1 cleavage which takes place in the lumenal loop (By similarity)',0);
Insert into UNIPROT_ENTRY (DBENTRY_ID,ACCESSION,NAME,TAX_ID,PROTEIN_NAME,SCIENTIFIC_NAME,COMMON_NAME,SYNONYM_NAMES,SEQUENCE_LENGTH,RELATED_PROTEINS_ID,LAST_UPDATE_TIMESTAMP,FUNCTION,ENTRY_TYPE) values (176786814,'Q5RAC8','MBTP2_PONAB',9601,'Membrane-bound transcription factor site-2 protease','Pongo abelii','Sumatran orangutan','-;sterol-regulatory element-binding proteins intramembrane protease;sterol regulatory element-binding protein site 2 protease;membrane-bound transcription factor site 2 protease;S2P endopeptidase;site-2 protease;',521,546391, TO_CHAR('2015-01-07', 'yyyy-MM-dd'),'Intramembrane proteolysis of sterol-regulatory element-binding proteins (SREBPs) within the first transmembrane segment thereby releasing the N-terminal segment with a portion of the transmembrane segment attached. Site-2 cleavage comes after site-1 cleavage which takes place in the lumenal loop (By similarity)',0);
Insert into UNIPROT_ENTRY (DBENTRY_ID,ACCESSION,NAME,TAX_ID,PROTEIN_NAME,SCIENTIFIC_NAME,COMMON_NAME,SYNONYM_NAMES,SEQUENCE_LENGTH,RELATED_PROTEINS_ID,LAST_UPDATE_TIMESTAMP,FUNCTION,ENTRY_TYPE) values (396126500,'Q8CHX6','MBTP2_MOUSE',10090,'Membrane-bound transcription factor site-2 protease','Mus musculus','Mouse','-;sterol-regulatory element-binding proteins intramembrane protease;sterol regulatory element-binding protein site 2 protease;membrane-bound transcription factor site 2 protease;S2P endopeptidase;site-2 protease;',515,546391, TO_CHAR('2015-01-07', 'yyyy-MM-dd'),'Intramembrane proteolysis of sterol-regulatory element-binding proteins (SREBPs) within the first transmembrane segment thereby releasing the N-terminal segment with a portion of the transmembrane segment attached. Site-2 cleavage comes after site-1 cleavage which takes place in the lumenal loop (By similarity)',0);
Insert into UNIPROT_ENTRY (DBENTRY_ID,ACCESSION,NAME,TAX_ID,PROTEIN_NAME,SCIENTIFIC_NAME,COMMON_NAME,SYNONYM_NAMES,SEQUENCE_LENGTH,RELATED_PROTEINS_ID,LAST_UPDATE_TIMESTAMP,FUNCTION,ENTRY_TYPE) values (36789983,'O43462','MBTP2_HUMAN',9606,'Membrane-bound transcription factor site-2 protease','Homo sapiens','Human','-;sterol-regulatory element-binding proteins intramembrane protease;sterol regulatory element-binding protein site 2 protease;membrane-bound transcription factor site 2 protease;S2P endopeptidase;site-2 protease;',519,546391, TO_CHAR('2015-02-04', 'yyyy-MM-dd'),'Intramembrane proteolysis of sterol-regulatory element-binding proteins (SREBPs) within the first transmembrane segment thereby releasing the N-terminal segment with a portion of the transmembrane segment attached. Site-2 cleavage comes after site-1 cleavage which takes place in the lumenal loop',0);
Insert into UNIPROT_ENTRY (DBENTRY_ID,ACCESSION,NAME,TAX_ID,PROTEIN_NAME,SCIENTIFIC_NAME,COMMON_NAME,SYNONYM_NAMES,SEQUENCE_LENGTH,RELATED_PROTEINS_ID,LAST_UPDATE_TIMESTAMP,FUNCTION,ENTRY_TYPE) values (35174678,'O75881','CP7B1_HUMAN',9606,'25-hydroxycholesterol 7-alpha-hydroxylase','Homo sapiens','Human','CYP7B1;27-hydroxycholesterol 7-monooxygenase;CYP7B1;',506,808171,TO_CHAR('2015-04-04', 'yyyy-MM-dd'),null,0);
Insert into UNIPROT_ENTRY (DBENTRY_ID,ACCESSION,NAME,TAX_ID,PROTEIN_NAME,SCIENTIFIC_NAME,COMMON_NAME,SYNONYM_NAMES,SEQUENCE_LENGTH,RELATED_PROTEINS_ID,LAST_UPDATE_TIMESTAMP,FUNCTION,ENTRY_TYPE) values (35174754,'Q63688','CP7B1_RAT',10116,'25-hydroxycholesterol 7-alpha-hydroxylase','Rattus norvegicus','Rat','CYP7B1;27-hydroxycholesterol 7-monooxygenase;CYP7B1;',414,808171,TO_CHAR('2015-01-07', 'yyyy-MM-dd'),null,0);
Insert into UNIPROT_ENTRY (DBENTRY_ID,ACCESSION,NAME,TAX_ID,PROTEIN_NAME,SCIENTIFIC_NAME,COMMON_NAME,SYNONYM_NAMES,SEQUENCE_LENGTH,RELATED_PROTEINS_ID,LAST_UPDATE_TIMESTAMP,FUNCTION,ENTRY_TYPE) values (35174725,'Q60991','CP7B1_MOUSE',10090,'25-hydroxycholesterol 7-alpha-hydroxylase','Mus musculus','Mouse','CYP7B1;27-hydroxycholesterol 7-monooxygenase;CYP7B1;',507,808171,TO_CHAR('2015-01-07', 'yyyy-MM-dd'),null,0);
Insert into UNIPROT_ENTRY (DBENTRY_ID,ACCESSION,NAME,TAX_ID,PROTEIN_NAME,SCIENTIFIC_NAME,COMMON_NAME,SYNONYM_NAMES,SEQUENCE_LENGTH,RELATED_PROTEINS_ID,LAST_UPDATE_TIMESTAMP,FUNCTION,ENTRY_TYPE) values (35101383,'O76074','PDE5A_HUMAN',9606,'cGMP-specific 3'',5''-cyclic phosphodiesterase','Homo sapiens','Human','cGMP-binding cGMP-specific phosphodiesterase;cGMP-specific 3'',5''-cyclic phosphodiesterase',875,853983,TO_CHAR('2015-03-04','yyyy-MM-dd'),'Plays a role in signal transduction by regulating the intracellular concentration of cyclic nucleotides. This phosphodiesterase catalyzes the specific hydrolysis of cGMP to 5''-GMP',0);
Insert into UNIPROT_ENTRY (DBENTRY_ID,ACCESSION,NAME,TAX_ID,PROTEIN_NAME,SCIENTIFIC_NAME,COMMON_NAME,SYNONYM_NAMES,SEQUENCE_LENGTH,RELATED_PROTEINS_ID,LAST_UPDATE_TIMESTAMP,FUNCTION,ENTRY_TYPE) values (39598444,'P08183','MDR1_HUMAN',9606,'Multidrug resistance protein 1','Homo sapiens','Human', 'empty',1280,83490,TO_CHAR('2015-03-04','yyyy-MM-dd'),'Energy-dependent efflux pump responsible for decreased drug accumulation in multidrug-resistant cells',0);
Insert into UNIPROT_ENTRY (DBENTRY_ID,ACCESSION,NAME,TAX_ID,PROTEIN_NAME,SCIENTIFIC_NAME,COMMON_NAME,SYNONYM_NAMES,SEQUENCE_LENGTH,RELATED_PROTEINS_ID,LAST_UPDATE_TIMESTAMP,FUNCTION,ENTRY_TYPE) values (2587027728,'D5CT29','D5CT29_SIDLE',580332,'CTP synthase','Sideroxydans lithotrophicus (strain ES-1)',null,'CTP synthase;CTP synthase;CTP synthetase;UTP--ammonia ligase',548,563781,TO_CHAR('2015-02-04','yyyy-MM-dd'),'Catalyzes the ATP-dependent amination of UTP to CTP with either L-glutamine or ammonia as the source of nitrogen',1);
Insert into UNIPROT_ENTRY (DBENTRY_ID,ACCESSION,NAME,TAX_ID,PROTEIN_NAME,SCIENTIFIC_NAME,COMMON_NAME,SYNONYM_NAMES,SEQUENCE_LENGTH,RELATED_PROTEINS_ID,LAST_UPDATE_TIMESTAMP,FUNCTION,ENTRY_TYPE) values (11407425070,'Q1CFF4','Q1CFF4_YERPN',377628,'Zinc metalloprotease','Yersinia pestis bv. Antiqua (strain Nepal516)',null,'Inner membrane zinc RIP metalloprotease;Zinc metalloprotease',451,83672,TO_CHAR('2015-04-29','yyyy-MM-dd'),null,1);
Insert into UNIPROT_ENTRY (DBENTRY_ID,ACCESSION,NAME,TAX_ID,PROTEIN_NAME,SCIENTIFIC_NAME,COMMON_NAME,SYNONYM_NAMES,SEQUENCE_LENGTH,RELATED_PROTEINS_ID,LAST_UPDATE_TIMESTAMP,FUNCTION,ENTRY_TYPE) values (2954568068,'E0SCD6','E0SCD6_DICD3',198628,'Zinc metalloprotease','Dickeya dadantii (strain 3937)',null,'Inner membrane zinc RIP metalloprotease;Zinc metalloprotease',451,348812,TO_CHAR('2015-04-29', 'yyyy-MM-dd'),null,1);
Insert into UNIPROT_ENTRY (DBENTRY_ID,ACCESSION,NAME,TAX_ID,PROTEIN_NAME,SCIENTIFIC_NAME,COMMON_NAME,SYNONYM_NAMES,SEQUENCE_LENGTH,RELATED_PROTEINS_ID,LAST_UPDATE_TIMESTAMP,FUNCTION,ENTRY_TYPE) values (2171936383,'C9XWA9','C9XWA9_CROTZ',693216,'Zinc metalloprotease','Cronobacter turicensis (strain DSM 18703 / LMG 23827 / z3032)',null,'Zinc metalloprotease',450,421687,TO_CHAR('2015-04-29', 'yyyy-MM-dd'),null,1);




--Uniprot Xref
Insert into UNIPROT_XREF (XREF_ID,ACCESSION,DBENTRY_ID,SOURCE_ID,SOURCE,SOURCE_NAME) values (13486,'O43462',36789983,'REACT_147797','Reactome',null);
Insert into UNIPROT_XREF (XREF_ID,ACCESSION,DBENTRY_ID,SOURCE_ID,SOURCE,SOURCE_NAME) values (15038,'O43462',36789983,'REACT_18348','Reactome',null);
Insert into UNIPROT_XREF (XREF_ID,ACCESSION,DBENTRY_ID,SOURCE_ID,SOURCE,SOURCE_NAME) values (14953,'O75881',35174678,'REACT_11054','Reactome',null);
Insert into UNIPROT_XREF (XREF_ID,ACCESSION,DBENTRY_ID,SOURCE_ID,SOURCE,SOURCE_NAME) values (14954,'O75881',35174678,'REACT_13812','Reactome',null);
Insert into UNIPROT_XREF (XREF_ID,ACCESSION,DBENTRY_ID,SOURCE_ID,SOURCE,SOURCE_NAME) values (14955,'O75881',35174678,'REACT_267716','Reactome',null);
Insert into UNIPROT_XREF (XREF_ID,ACCESSION,DBENTRY_ID,SOURCE_ID,SOURCE,SOURCE_NAME) values (15586,'O75881',35174678,'REACT_11048','Reactome',null);
Insert into UNIPROT_XREF (XREF_ID,ACCESSION,DBENTRY_ID,SOURCE_ID,SOURCE,SOURCE_NAME) values (17122,'O75881',35174678,'REACT_11041','Reactome',null);
Insert into UNIPROT_XREF (XREF_ID,ACCESSION,DBENTRY_ID,SOURCE_ID,SOURCE,SOURCE_NAME) values (50760,'Q07973',35170567,'REACT_13523','Reactome',null);
Insert into UNIPROT_XREF (XREF_ID,ACCESSION,DBENTRY_ID,SOURCE_ID,SOURCE,SOURCE_NAME) values (51156,'Q07973',35170567,'REACT_13450','Reactome',null);
Insert into UNIPROT_XREF (XREF_ID,ACCESSION,DBENTRY_ID,SOURCE_ID,SOURCE,SOURCE_NAME) values (50965,'Q09128',35170656,'REACT_231451','Reactome',null);
Insert into UNIPROT_XREF (XREF_ID,ACCESSION,DBENTRY_ID,SOURCE_ID,SOURCE,SOURCE_NAME) values (51074,'Q09128',35170656,'REACT_258063','Reactome',null);
Insert into UNIPROT_XREF (XREF_ID,ACCESSION,DBENTRY_ID,SOURCE_ID,SOURCE,SOURCE_NAME) values (51455,'Q09128',35170656,'3k9v','PDB','Crystal structure of rat mitochondrial P450 24A1 S57D in complex with CHAPS');
Insert into UNIPROT_XREF (XREF_ID,ACCESSION,DBENTRY_ID,SOURCE_ID,SOURCE,SOURCE_NAME) values (51456,'Q09128',35170656,'3k9y','PDB','Crystal structure of rat mitochondrial P450 24A1 S57D in complex with CYMAL-5');
Insert into UNIPROT_XREF (XREF_ID,ACCESSION,DBENTRY_ID,SOURCE_ID,SOURCE,SOURCE_NAME) values (51768,'Q0III2',625737394,'REACT_208174','Reactome',null);
Insert into UNIPROT_XREF (XREF_ID,ACCESSION,DBENTRY_ID,SOURCE_ID,SOURCE,SOURCE_NAME) values (86825,'Q0III2',625737394,'REACT_213463','Reactome',null);
Insert into UNIPROT_XREF (XREF_ID,ACCESSION,DBENTRY_ID,SOURCE_ID,SOURCE,SOURCE_NAME) values (56921,'Q60991',35174725,'REACT_207530','Reactome',null);
Insert into UNIPROT_XREF (XREF_ID,ACCESSION,DBENTRY_ID,SOURCE_ID,SOURCE,SOURCE_NAME) values (56922,'Q60991',35174725,'REACT_227038','Reactome',null);
Insert into UNIPROT_XREF (XREF_ID,ACCESSION,DBENTRY_ID,SOURCE_ID,SOURCE,SOURCE_NAME) values (89147,'Q60991',35174725,'REACT_226440','Reactome',null);
Insert into UNIPROT_XREF (XREF_ID,ACCESSION,DBENTRY_ID,SOURCE_ID,SOURCE,SOURCE_NAME) values (89148,'Q60991',35174725,'REACT_268398','Reactome',null);
Insert into UNIPROT_XREF (XREF_ID,ACCESSION,DBENTRY_ID,SOURCE_ID,SOURCE,SOURCE_NAME) values (57729,'Q64441',35170617,'REACT_213027','Reactome',null);
Insert into UNIPROT_XREF (XREF_ID,ACCESSION,DBENTRY_ID,SOURCE_ID,SOURCE,SOURCE_NAME) values (89305,'Q64441',35170617,'REACT_218811','Reactome',null);
Insert into UNIPROT_XREF (XREF_ID,ACCESSION,DBENTRY_ID,SOURCE_ID,SOURCE,SOURCE_NAME) values (61349,'Q8CHX6',396126500,'REACT_198968','Reactome',null);
Insert into UNIPROT_XREF (XREF_ID,ACCESSION,DBENTRY_ID,SOURCE_ID,SOURCE,SOURCE_NAME) values (61565,'Q8CHX6',396126500,'REACT_231897','Reactome',null);


--Enzyme Portal Disease
INSERT INTO ENZYME_PORTAL_DISEASE (DISEASE_ID,UNIPROT_ACCESSION,OMIM_NUMBER,MESH_ID,EFO_ID,DISEASE_NAME,EVIDENCE,DEFINITION,SCORE,URL) 
VALUES (872,'O43462','300918','D053632',null,'x-linked combined immunodeficiency diseases','Keratosis follicularis spinulosa decalvans X-linked (KFSDX) [MIM:308800]: A rare disorder affecting the skin and the eye. Affected men show thickening of the skin of the neck, ears, and extremities, especially the palms and soles, loss of eyebrows, eyelashes and beard, thickening of the eyelids with blepharitis and ectropion, and corneal degeneration.','Forms of combined immunodeficiency caused by mutations in the gene for INTERLEUKIN RECEPTOR COMMON GAMMA SUBUNIT. Both severe and non-severe subtypes of the disease have been identified.','-0.678672680458626','http://purl.bioontology.org/ontology/OMIM/300918');

INSERT INTO ENZYME_PORTAL_DISEASE (DISEASE_ID,UNIPROT_ACCESSION,OMIM_NUMBER,MESH_ID,EFO_ID,DISEASE_NAME,EVIDENCE,DEFINITION,SCORE,URL) 
VALUES (916,'O75881','270800','D015419',null,'spastic paraplegia hereditary','Congenital bile acid synthesis defect 3 (CBAS3) [MIM:613812]: A disorder resulting in severe cholestasis, cirrhosis and liver synthetic failure. Hepatic microsomal oxysterol 7-alpha-hydroxylase activity is undetectable.','A group of inherited diseases that share similar phenotypes but are genetically diverse. Different genetic loci for autosomal recessive, autosomal dominant, and x-linked forms of hereditary spastic paraplegia have been identified. Clinically, patients present with slowly progressive distal limb weakness and lower extremity spasticity. Peripheral sensory neurons may be affected in the later stages of the disease. (J Neurol Neurosurg Psychiatry 1998 Jan;64(1):61-6; Curr Opin Neurol 1997 Aug;10(4):313-8)','2.55484241815175','http://purl.bioontology.org/ontology/OMIM/270800');

INSERT INTO ENZYME_PORTAL_DISEASE (DISEASE_ID,UNIPROT_ACCESSION,OMIM_NUMBER,MESH_ID,EFO_ID,DISEASE_NAME,EVIDENCE,DEFINITION,SCORE,URL) 
VALUES (1525,'Q07973','143880','D006934',null,'hypercalcemia','Hypercalcemia infantile (HCAI) [MIM:143880]: A disorder characterized by abnormally high level of calcium in the blood, failure to thrive, vomiting, dehydration, and nephrocalcinosis.','(HCAI): A disorder characterized by abnormally high level of calcium in the blood, failure to thrive, vomiting, dehydration, and nephrocalcinosis. {ECO:0000269|PubMed:21675912}.','1.72971580931865','http://purl.bioontology.org/ontology/OMIM/143880');


--Enzyme Portal EC Numbers
Insert into ENZYME_PORTAL_EC_NUMBERS (EC_INTERNAL_ID,UNIPROT_ACCESSION,EC_NUMBER,EC_FAMILY) values (4356,'Q1CFF4','3.4.24.85',3);
Insert into ENZYME_PORTAL_EC_NUMBERS (EC_INTERNAL_ID,UNIPROT_ACCESSION,EC_NUMBER,EC_FAMILY) values (488840,'Q8CHX6','3.4.24.85',3);
Insert into ENZYME_PORTAL_EC_NUMBERS (EC_INTERNAL_ID,UNIPROT_ACCESSION,EC_NUMBER,EC_FAMILY) values (539154,'Q0III2','3.4.24.85',3);
Insert into ENZYME_PORTAL_EC_NUMBERS (EC_INTERNAL_ID,UNIPROT_ACCESSION,EC_NUMBER,EC_FAMILY) values (869121,'E0SCD6','3.4.24.85',3);
Insert into ENZYME_PORTAL_EC_NUMBERS (EC_INTERNAL_ID,UNIPROT_ACCESSION,EC_NUMBER,EC_FAMILY) values (920536,'C9XWA9','3.4.24.85',3);
Insert into ENZYME_PORTAL_EC_NUMBERS (EC_INTERNAL_ID,UNIPROT_ACCESSION,EC_NUMBER,EC_FAMILY) values (474042,'Q64441','1.14.13.126',1);


--Enzyme Portal Names
Insert into ENZYME_PORTAL_NAMES (DBENTRY_ID,UNIPROT_ACCESSION,DESCRIPTION_TYPE,CATEGORY_TYPE,NAME,ENZYME_NAME_ID) values (36789983,'O43462','Main','RecName','Membrane-bound transcription factor site-2 protease',1495171);
Insert into ENZYME_PORTAL_NAMES (DBENTRY_ID,UNIPROT_ACCESSION,DESCRIPTION_TYPE,CATEGORY_TYPE,NAME,ENZYME_NAME_ID) values (36789983,'O43462','Main','AltName','Sterol regulatory element-binding proteins intramembrane protease',1802449);
Insert into ENZYME_PORTAL_NAMES (DBENTRY_ID,UNIPROT_ACCESSION,DESCRIPTION_TYPE,CATEGORY_TYPE,NAME,ENZYME_NAME_ID) values (36789983,'O43462','Main','AltName','Endopeptidase S2P',2786769);
Insert into ENZYME_PORTAL_NAMES (DBENTRY_ID,UNIPROT_ACCESSION,DESCRIPTION_TYPE,CATEGORY_TYPE,NAME,ENZYME_NAME_ID) values (36789929,'O54862','Main','AltName','Endopeptidase S2P',2418735);
Insert into ENZYME_PORTAL_NAMES (DBENTRY_ID,UNIPROT_ACCESSION,DESCRIPTION_TYPE,CATEGORY_TYPE,NAME,ENZYME_NAME_ID) values (36789929,'O54862','Main','AltName','Sterol regulatory element-binding proteins intramembrane protease',2418736);
Insert into ENZYME_PORTAL_NAMES (DBENTRY_ID,UNIPROT_ACCESSION,DESCRIPTION_TYPE,CATEGORY_TYPE,NAME,ENZYME_NAME_ID) values (36789929,'O54862','Main','RecName','Membrane-bound transcription factor site-2 protease',3133858);
Insert into ENZYME_PORTAL_NAMES (DBENTRY_ID,UNIPROT_ACCESSION,DESCRIPTION_TYPE,CATEGORY_TYPE,NAME,ENZYME_NAME_ID) values (35174678,'O75881','Main','AltName','Oxysterol 7-alpha-hydroxylase',966897);
Insert into ENZYME_PORTAL_NAMES (DBENTRY_ID,UNIPROT_ACCESSION,DESCRIPTION_TYPE,CATEGORY_TYPE,NAME,ENZYME_NAME_ID) values (35174678,'O75881','Main','RecName','25-hydroxycholesterol 7-alpha-hydroxylase',2735280);
Insert into ENZYME_PORTAL_NAMES (DBENTRY_ID,UNIPROT_ACCESSION,DESCRIPTION_TYPE,CATEGORY_TYPE,NAME,ENZYME_NAME_ID) values (35170567,'Q07973','Main','RecName','1,25-dihydroxyvitamin D(3) 24-hydroxylase, mitochondrial',2624670);
Insert into ENZYME_PORTAL_NAMES (DBENTRY_ID,UNIPROT_ACCESSION,DESCRIPTION_TYPE,CATEGORY_TYPE,NAME,ENZYME_NAME_ID) values (35170656,'Q09128','Main','RecName','1,25-dihydroxyvitamin D(3) 24-hydroxylase, mitochondrial',3215847);
Insert into ENZYME_PORTAL_NAMES (DBENTRY_ID,UNIPROT_ACCESSION,DESCRIPTION_TYPE,CATEGORY_TYPE,NAME,ENZYME_NAME_ID) values (625737394,'Q0III2','Main','RecName','Membrane-bound transcription factor site-2 protease',843550);
Insert into ENZYME_PORTAL_NAMES (DBENTRY_ID,UNIPROT_ACCESSION,DESCRIPTION_TYPE,CATEGORY_TYPE,NAME,ENZYME_NAME_ID) values (625737394,'Q0III2','Main','AltName','Endopeptidase S2P',2159541);
Insert into ENZYME_PORTAL_NAMES (DBENTRY_ID,UNIPROT_ACCESSION,DESCRIPTION_TYPE,CATEGORY_TYPE,NAME,ENZYME_NAME_ID) values (176786814,'Q5RAC8','Main','RecName','Membrane-bound transcription factor site-2 protease',797200);
Insert into ENZYME_PORTAL_NAMES (DBENTRY_ID,UNIPROT_ACCESSION,DESCRIPTION_TYPE,CATEGORY_TYPE,NAME,ENZYME_NAME_ID) values (176786814,'Q5RAC8','Main','AltName','Endopeptidase S2P',3233639);
Insert into ENZYME_PORTAL_NAMES (DBENTRY_ID,UNIPROT_ACCESSION,DESCRIPTION_TYPE,CATEGORY_TYPE,NAME,ENZYME_NAME_ID) values (35174725,'Q60991','Main','AltName','Oxysterol 7-alpha-hydroxylase',1393122);
Insert into ENZYME_PORTAL_NAMES (DBENTRY_ID,UNIPROT_ACCESSION,DESCRIPTION_TYPE,CATEGORY_TYPE,NAME,ENZYME_NAME_ID) values (35174725,'Q60991','Main','RecName','25-hydroxycholesterol 7-alpha-hydroxylase',1495054);
Insert into ENZYME_PORTAL_NAMES (DBENTRY_ID,UNIPROT_ACCESSION,DESCRIPTION_TYPE,CATEGORY_TYPE,NAME,ENZYME_NAME_ID) values (35174754,'Q63688','Main','RecName','25-hydroxycholesterol 7-alpha-hydroxylase',707044);
Insert into ENZYME_PORTAL_NAMES (DBENTRY_ID,UNIPROT_ACCESSION,DESCRIPTION_TYPE,CATEGORY_TYPE,NAME,ENZYME_NAME_ID) values (35174754,'Q63688','Main','AltName','Oxysterol 7-alpha-hydroxylase',2408954);
Insert into ENZYME_PORTAL_NAMES (DBENTRY_ID,UNIPROT_ACCESSION,DESCRIPTION_TYPE,CATEGORY_TYPE,NAME,ENZYME_NAME_ID) values (35170617,'Q64441','Main','RecName','1,25-dihydroxyvitamin D(3) 24-hydroxylase, mitochondrial',2315225);
Insert into ENZYME_PORTAL_NAMES (DBENTRY_ID,UNIPROT_ACCESSION,DESCRIPTION_TYPE,CATEGORY_TYPE,NAME,ENZYME_NAME_ID) values (396126500,'Q8CHX6','Main','AltName','Endopeptidase S2P',805201);
Insert into ENZYME_PORTAL_NAMES (DBENTRY_ID,UNIPROT_ACCESSION,DESCRIPTION_TYPE,CATEGORY_TYPE,NAME,ENZYME_NAME_ID) values (396126500,'Q8CHX6','Main','RecName','Membrane-bound transcription factor site-2 protease',805202);


--Enzyme Portal Pathways
Insert into ENZYME_PORTAL_PATHWAYS (PATHWAY_INTERNAL_ID,UNIPROT_ACCESSION,PATHWAY_ID,PATHWAY_URL,PATHWAY_NAME,STATUS,SPECIES) values (15823,'O43462','REACT_147797','http://www.reactome.org/PathwayBrowser/#REACT_147797','Regulation of cholesterol biosynthesis by SREBP (SREBF)','TAS','Homo sapiens');
Insert into ENZYME_PORTAL_PATHWAYS (PATHWAY_INTERNAL_ID,UNIPROT_ACCESSION,PATHWAY_ID,PATHWAY_URL,PATHWAY_NAME,STATUS,SPECIES) values (15824,'O43462','REACT_18348','http://www.reactome.org/PathwayBrowser/#REACT_18348','ATF6-alpha activates chaperones','TAS','Homo sapiens');
Insert into ENZYME_PORTAL_PATHWAYS (PATHWAY_INTERNAL_ID,UNIPROT_ACCESSION,PATHWAY_ID,PATHWAY_URL,PATHWAY_NAME,STATUS,SPECIES) values (16642,'O75881','REACT_11048','http://www.reactome.org/PathwayBrowser/#REACT_11048','Synthesis of bile acids and bile salts via 27-hydroxycholesterol','TAS','Homo sapiens');
Insert into ENZYME_PORTAL_PATHWAYS (PATHWAY_INTERNAL_ID,UNIPROT_ACCESSION,PATHWAY_ID,PATHWAY_URL,PATHWAY_NAME,STATUS,SPECIES) values (16643,'O75881','REACT_11041','http://www.reactome.org/PathwayBrowser/#REACT_11041','Synthesis of bile acids and bile salts via 7alpha-hydroxycholesterol','TAS','Homo sapiens');
Insert into ENZYME_PORTAL_PATHWAYS (PATHWAY_INTERNAL_ID,UNIPROT_ACCESSION,PATHWAY_ID,PATHWAY_URL,PATHWAY_NAME,STATUS,SPECIES) values (16644,'O75881','REACT_13812','http://www.reactome.org/PathwayBrowser/#REACT_13812','Endogenous sterols','TAS','Homo sapiens');
Insert into ENZYME_PORTAL_PATHWAYS (PATHWAY_INTERNAL_ID,UNIPROT_ACCESSION,PATHWAY_ID,PATHWAY_URL,PATHWAY_NAME,STATUS,SPECIES) values (16645,'O75881','REACT_11054','http://www.reactome.org/PathwayBrowser/#REACT_11054','Synthesis of bile acids and bile salts','TAS','Homo sapiens');
Insert into ENZYME_PORTAL_PATHWAYS (PATHWAY_INTERNAL_ID,UNIPROT_ACCESSION,PATHWAY_ID,PATHWAY_URL,PATHWAY_NAME,STATUS,SPECIES) values (16646,'O75881','REACT_268444','http://www.reactome.org/PathwayBrowser/#REACT_268444','Orphan transporters','TAS','Homo sapiens');
Insert into ENZYME_PORTAL_PATHWAYS (PATHWAY_INTERNAL_ID,UNIPROT_ACCESSION,PATHWAY_ID,PATHWAY_URL,PATHWAY_NAME,STATUS,SPECIES) values (16647,'O75881','REACT_267709','http://www.reactome.org/PathwayBrowser/#REACT_267709','Defective CYP7B1 causes Spastic paraplegia 5A, autosomal recessive (SPG5A) and Congenital bile acid synthesis defect 3 (CBAS3)','TAS','Homo sapiens');
INSERT INTO ENZYME_PORTAL_PATHWAYS (PATHWAY_INTERNAL_ID,UNIPROT_ACCESSION,PATHWAY_ID,PATHWAY_URL,PATHWAY_NAME,STATUS,SPECIES) VALUES (43493,'Q8CHX6','R-MMU-1655829','http://www.reactome.org/PathwayBrowser/#R-MMU-1655829','Regulation of cholesterol biosynthesis by SREBP (SREBF)', 'UNI', NULL);
INSERT INTO ENZYME_PORTAL_PATHWAYS (PATHWAY_INTERNAL_ID,UNIPROT_ACCESSION,PATHWAY_ID,PATHWAY_URL,PATHWAY_NAME,STATUS,SPECIES) VALUES (43494, 'Q8CHX6','R-MMU-381033','http://www.reactome.org/PathwayBrowser/#R-MMU-381033','ATF6-alpha activates chaperones','UNI', NULL);


--Enzyme Portal Reaction
Insert into ENZYME_PORTAL_REACTION (REACTION_INTERNAL_ID,REACTION_ID,REACTION_NAME,REACTION_SOURCE,RELATIONSHIP,UNIPROT_ACCESSION,URL) values (1180,'RHEA:24311','25-hydroxycholesterol + H(+) + NADPH + O2 <=> 7alpha,25-dihydroxycholesterol + H2O + NADP(+)','Rhea','catalyses','O75881',null);
Insert into ENZYME_PORTAL_REACTION (REACTION_INTERNAL_ID,REACTION_ID,REACTION_NAME,REACTION_SOURCE,RELATIONSHIP,UNIPROT_ACCESSION,URL) values (1181,'RHEA:19044','(25R)-cholest-5-ene-3beta,26-diol + H(+) + NADPH + O2 <=> (25R)-cholest-5-ene-3beta,7alpha,26-triol + H2O + NADP(+)','Rhea','catalyses','O75881',null);
Insert into ENZYME_PORTAL_REACTION (REACTION_INTERNAL_ID,REACTION_ID,REACTION_NAME,REACTION_SOURCE,RELATIONSHIP,UNIPROT_ACCESSION,URL) values (1242,'RHEA:24967','calcitriol + H(+) + NADPH + O2 <=> calcitetrol + H2O + NADP(+)','Rhea','catalyses','Q07973',null);
Insert into ENZYME_PORTAL_REACTION (REACTION_INTERNAL_ID,REACTION_ID,REACTION_NAME,REACTION_SOURCE,RELATIONSHIP,UNIPROT_ACCESSION,URL) values (1243,'RHEA:24971','calcidiol + H(+) + NADPH + O2 <=> H2O + NADP(+) + secalciferol','Rhea','catalyses','Q07973',null);
Insert into ENZYME_PORTAL_REACTION (REACTION_INTERNAL_ID,REACTION_ID,REACTION_NAME,REACTION_SOURCE,RELATIONSHIP,UNIPROT_ACCESSION,URL) values (1244,'RHEA:24975','calcitetrol + H(+) + NADPH + O2 <=> (1S)-1,25-dihydroxy-24-oxocalciol + 2 H2O + NADP(+)','Rhea','catalyses','Q07973',null);
Insert into ENZYME_PORTAL_REACTION (REACTION_INTERNAL_ID,REACTION_ID,REACTION_NAME,REACTION_SOURCE,RELATIONSHIP,UNIPROT_ACCESSION,URL) values (1245,'RHEA:24979','(1S)-1,25-dihydroxy-24-oxocalciol + H(+) + NADPH + O2 <=> (1S)-1,23,25-trihydroxy-24-oxocalciol + H2O + NADP(+)','Rhea','catalyses','Q07973',null);
Insert into ENZYME_PORTAL_REACTION (REACTION_INTERNAL_ID,REACTION_ID,REACTION_NAME,REACTION_SOURCE,RELATIONSHIP,UNIPROT_ACCESSION,URL) values (1246,'RHEA:24987','(1S)-1,23-dihydroxy-24,25,26,27-tetranorcalciol + H(+) + NADPH + O2 <=> (1S)-1-hydroxy-23-oxo-24,25,26,27-tetranorcalciol + 2 H2O + NADP(+)','Rhea','catalyses','Q07973',null);
Insert into ENZYME_PORTAL_REACTION (REACTION_INTERNAL_ID,REACTION_ID,REACTION_NAME,REACTION_SOURCE,RELATIONSHIP,UNIPROT_ACCESSION,URL) values (1247,'RHEA:24991','(1S)-1-hydroxy-23-oxo-24,25,26,27-tetranorcalciol + NADPH + O2 <=> calcitroate + H2O + NADP(+)','Rhea','catalyses','Q07973',null);


--Enzyme Portal Summary
Insert into ENZYME_PORTAL_SUMMARY (ENZYME_ID,UNIPROT_ACCESSION,DBENTRY_ID,COMMENT_TYPE,COMMENT_TEXT) values (10554,'O43462',36789983,'DISEASE','Keratosis follicularis spinulosa decalvans X-linked (KFSDX) [MIM:308800]: A rare disorder affecting the skin and the eye. Affected men show thickening of the skin of the neck, ears, and extremities, especially the palms and soles, loss of eyebrows, eyelashes and beard, thickening of the eyelids with blepharitis and ectropion, and corneal degeneration.');
Insert into ENZYME_PORTAL_SUMMARY (ENZYME_ID,UNIPROT_ACCESSION,DBENTRY_ID,COMMENT_TYPE,COMMENT_TEXT) values (19705,'O43462',36789983,'DISEASE','IFAP syndrome with or without BRESHECK syndrome (IFAPS) [MIM:308205]: A syndrome characterized by a peculiar triad of follicular ichthyosis, total or subtotal atrichia, and photophobia of varying degree. Histopathologically, the epidermal granular layer is generally well-preserved or thickened at the infundibulum. Hair follicles are poorly developed and tend to be surrounded by an inflammatory infiltrate. A subgroup of patients is described with lamellar rather than follicular ichthyosis. Non-consistent features may include growth and psychomotor retardation, aganglionic megacolon, seizures and nail dystrophy.');
Insert into ENZYME_PORTAL_SUMMARY (ENZYME_ID,UNIPROT_ACCESSION,DBENTRY_ID,COMMENT_TYPE,COMMENT_TEXT) values (24585,'O43462',36789983,'DISEASE','Olmsted syndrome, X-linked (OLMSX) [MIM:300918]: A rare congenital disorder characterized by bilateral mutilating palmoplantar keratoderma and periorificial keratotic plaques with severe itching at all lesions. Diffuse alopecia, constriction of digits, and onychodystrophy have also been reported. Infections and squamous cell carcinomas can arise on the keratotic areas. The digital constriction may progress to autoamputation of fingers and toes.');
Insert into ENZYME_PORTAL_SUMMARY (ENZYME_ID,UNIPROT_ACCESSION,DBENTRY_ID,COMMENT_TYPE,COMMENT_TEXT) values (19852,'O75881',35174678,'DISEASE','Congenital bile acid synthesis defect 3 (CBAS3) [MIM:613812]: A disorder resulting in severe cholestasis, cirrhosis and liver synthetic failure. Hepatic microsomal oxysterol 7-alpha-hydroxylase activity is undetectable.');
Insert into ENZYME_PORTAL_SUMMARY (ENZYME_ID,UNIPROT_ACCESSION,DBENTRY_ID,COMMENT_TYPE,COMMENT_TEXT) values (19853,'O75881',35174678,'DISEASE','Spastic paraplegia 5A, autosomal recessive (SPG5A) [MIM:270800]: A form of spastic paraplegia, a neurodegenerative disorder characterized by a slow, gradual, progressive weakness and spasticity of the lower limbs. Rate of progression and the severity of symptoms are quite variable. Initial symptoms may include difficulty with balance, weakness and stiffness in the legs, muscle spasms, and dragging the toes when walking. In some forms of the disorder, bladder symptoms (such as incontinence) may appear, or the weakness and stiffness may spread to other parts of the body.');
Insert into ENZYME_PORTAL_SUMMARY (ENZYME_ID,UNIPROT_ACCESSION,DBENTRY_ID,COMMENT_TYPE,COMMENT_TEXT) values (17594,'Q07973',35170567,'DISEASE','Hypercalcemia infantile (HCAI) [MIM:143880]: A disorder characterized by abnormally high level of calcium in the blood, failure to thrive, vomiting, dehydration, and nephrocalcinosis.');
Insert into ENZYME_PORTAL_SUMMARY (ENZYME_ID,UNIPROT_ACCESSION,DBENTRY_ID,COMMENT_TYPE,COMMENT_TEXT) values (2579551,'Q64441',35170617,'CATALYTIC_ACTIVITY','Calcidiol + NADPH + O(2) = secalciferol + NADP(+) + H(2)O');
Insert into ENZYME_PORTAL_SUMMARY (ENZYME_ID,UNIPROT_ACCESSION,DBENTRY_ID,COMMENT_TYPE,COMMENT_TEXT) values (2579552,'Q64441',35170617,'CATALYTIC_ACTIVITY','Calcitriol + NADPH + O(2) = calcitetrol + NADP(+) + H(2)O');


--Enzyme Portal Compounds
Insert into ENZYME_PORTAL_COMPOUND (COMPOUND_INTERNAL_ID,COMPOUND_ID,COMPOUND_NAME,COMPOUND_SOURCE,RELATIONSHIP,UNIPROT_ACCESSION,URL,COMPOUND_ROLE) values (843,'CHEMBL1200633','IVERMECTIN','ChEMBL','is_target_of','P08183',null,'BIOACTIVE');
Insert into ENZYME_PORTAL_COMPOUND (COMPOUND_INTERNAL_ID,COMPOUND_ID,COMPOUND_NAME,COMPOUND_SOURCE,RELATIONSHIP,UNIPROT_ACCESSION,URL,COMPOUND_ROLE) values (844,'CHEMBL91','MICONAZOLE','ChEMBL','is_target_of','P08183',null,'BIOACTIVE');
Insert into ENZYME_PORTAL_COMPOUND (COMPOUND_INTERNAL_ID,COMPOUND_ID,COMPOUND_NAME,COMPOUND_SOURCE,RELATIONSHIP,UNIPROT_ACCESSION,URL,COMPOUND_ROLE) values (845,'CHEMBL660','AMANTADINE','ChEMBL','is_target_of','P08183',null,'BIOACTIVE');
Insert into ENZYME_PORTAL_COMPOUND (COMPOUND_INTERNAL_ID,COMPOUND_ID,COMPOUND_NAME,COMPOUND_SOURCE,RELATIONSHIP,UNIPROT_ACCESSION,URL,COMPOUND_ROLE) values (8744,'CHEMBL192','Sildenafil','ChEMBL','is_inhibitor_of','O76074',null,'INHIBITOR');

Insert into ENZYME_PORTAL_COMPOUND (COMPOUND_INTERNAL_ID,COMPOUND_ID,COMPOUND_NAME,COMPOUND_SOURCE,RELATIONSHIP,UNIPROT_ACCESSION,URL,COMPOUND_ROLE) values (17355,'CHEBI:37565','GTP','ChEBI','is_activator_of','D5CT29',null,'ACTIVATOR');

--CATALYTIC ACTIVITIES
Insert into ENZYME_CATALYTIC_ACTIVITY (ACTIVITY_INTERNAL_ID,CATALYTIC_ACTIVITY,UNIPROT_ACCESSION) values (1073688,'Calcidiol + NADPH + O(2) = secalciferol + NADP(+) + H(2)O','Q64441');
Insert into ENZYME_CATALYTIC_ACTIVITY (ACTIVITY_INTERNAL_ID,CATALYTIC_ACTIVITY,UNIPROT_ACCESSION) values (1073689,'Calcitriol + NADPH + O(2) = calcitetrol + NADP(+) + H(2)O','Q64441');

--EnzymeToTaxonomy
Insert into ENZYMES_TO_TAXONOMY (INTERNAL_ID,EC_NUMBER,TAX_ID,SCIENTIFIC_NAME,COMMON_NAME) values (267,'1.1.1.1',9606,'Homo sapiens','Human');
Insert into ENZYMES_TO_TAXONOMY (INTERNAL_ID,EC_NUMBER,TAX_ID,SCIENTIFIC_NAME,COMMON_NAME) values (269,'1.1.1.1',9913,'Bos taurus','Bovine');
Insert into ENZYMES_TO_TAXONOMY (INTERNAL_ID,EC_NUMBER,TAX_ID,SCIENTIFIC_NAME,COMMON_NAME) values (274,'1.1.1.1',10090,'Mus musculus','Mouse');
Insert into ENZYMES_TO_TAXONOMY (INTERNAL_ID,EC_NUMBER,TAX_ID,SCIENTIFIC_NAME,COMMON_NAME) values (275,'1.1.1.1',10116,'Rattus norvegicus','Rat');
Insert into ENZYMES_TO_TAXONOMY (INTERNAL_ID,EC_NUMBER,TAX_ID,SCIENTIFIC_NAME,COMMON_NAME) values (276,'1.1.1.1',13053,'Scaptomyza crassifemur','Fruit fly');
Insert into ENZYMES_TO_TAXONOMY (INTERNAL_ID,EC_NUMBER,TAX_ID,SCIENTIFIC_NAME,COMMON_NAME) values (3125,'1.1.1.100',9606,'Homo sapiens','Human');
Insert into ENZYMES_TO_TAXONOMY (INTERNAL_ID,EC_NUMBER,TAX_ID,SCIENTIFIC_NAME,COMMON_NAME) values (8073,'1.1.1.102',9606,'Homo sapiens','Human');
Insert into ENZYMES_TO_TAXONOMY (INTERNAL_ID,EC_NUMBER,TAX_ID,SCIENTIFIC_NAME,COMMON_NAME) values (16740,'1.1.1.14',9606,'Homo sapiens','Human');
